{"CSCO": {"summary": {"final_portfolio_value": 7198.032435017073, "Portfolio cumulative percent gain": -28.019675649829267, "Stock percent gain": -13.175493718194208, "total_trades": 100}, "stock_strat_results": 